{
  "InterJ@5_mean": 0.6439296577132331,
  "InterJ@5_std": 0.34268851843828724,
  "InterMRD@5_mean": 1.9066565280098244,
  "InterMRD@5_std": 1.8112088054063473,
  "Entropy": 1.9780938763730203
}