{
  "project": "openstack",
  "method": "xmascqp",
  "k": 5,
  "n_commits": 200,
  "n_runs": 5,
  "J@K": {
    "mean": 0.7041480158730159,
    "std": 0.23828507244877095
  },
  "DAR@K": {
    "mean": 0.9761583333333334,
    "std": 0.12011584665081312
  },
  "MRD@K": {
    "mean": 1.1316785714285713,
    "std": 0.8592429241197896
  },
  "SSS@K": {
    "mean": 0.8305644179894179,
    "std": 0.12791480762054536
  }
}