{
  "project": "qt",
  "method": "xmascqp",
  "k": 5,
  "n_commits": 200,
  "n_runs": 5,
  "J@K": {
    "mean": 0.6596309523809524,
    "std": 0.24015415129187118
  },
  "DAR@K": {
    "mean": 0.9873333333333334,
    "std": 0.08240250520590914
  },
  "MRD@K": {
    "mean": 1.243454365079365,
    "std": 0.806950576971339
  },
  "SSS@K": {
    "mean": 0.8132406305114638,
    "std": 0.12060384869817443
  }
}