{
  "InterJ@5_mean": 0.22522441572944085,
  "InterJ@5_std": 0.2839166300590144,
  "InterMRD@5_mean": 2.461673781606445,
  "InterMRD@5_std": 0.6908875859191721,
  "RuleEntropy": 3.028654583778858
}