{
  "Del@K": {
    "mean": 0.010258828395992762,
    "std": 0.08287426386912647
  },
  "Ins@K": {
    "mean": 0.009310813233941732,
    "std": 0.07181484480578214
  },
  "DirFaith@K": "N/A (LIME explanations are rule-based)"
}