{
  "Del@K": {
    "mean": 0.021741890554039536,
    "std": 0.063421305264002
  },
  "Ins@K": {
    "mean": 0.02192514384067209,
    "std": 0.06212904643539123
  },
  "DirFaith@K": {
    "mean": 0.7175,
    "std": 0.3760900822941227
  }
}