{
  "InterJ@5_mean": 0.845877521366659,
  "InterJ@5_std": 0.24597285699446206,
  "InterMRD@5_mean": 0.8725164727606631,
  "InterMRD@5_std": 1.286207452581443,
  "Entropy": 1.507196315824738
}