{
  "project": "openstack",
  "method": "lime",
  "n_commits": 200,
  "n_runs": 5,
  "k": 5,
  "J@5": {
    "mean": 0.841,
    "std": 0.1789433559762371
  },
  "DAR@5": {
    "mean": 1.0,
    "std": 0.0
  },
  "MRD@5": {
    "mean": 0.6826571428571429,
    "std": 0.44724296296145316
  },
  "SSS@5": {
    "mean": 0.8636119047619047,
    "std": 0.11085185604336509,
    "note": "DAR excluded from SSS"
  }
}