{
  "project": "qt",
  "method": "lime",
  "n_commits": 200,
  "n_runs": 5,
  "k": 5,
  "J@5": {
    "mean": 0.7179761904761904,
    "std": 0.1953101200044089
  },
  "DAR@5": {
    "mean": 1.0,
    "std": 0.0
  },
  "MRD@5": {
    "mean": 0.7054071428571429,
    "std": 0.44503574578134486
  },
  "SSS@5": {
    "mean": 0.8002041666666666,
    "std": 0.12324624561563209,
    "note": "DAR excluded from SSS"
  }
}