{
  "project": "openstack",
  "method": "pyexplainer",
  "k": 5,
  "n_commits": 200,
  "n_runs": 5,
  "J@K": {
    "mean": 0.9576309523809524,
    "std": 0.12152926807080444
  },
  "DAR@K": {
    "mean": 1.0,
    "std": 0.0
  },
  "MRD@K": {
    "mean": 0.18349761904761905,
    "std": 0.36349183477067865
  },
  "SSS@K": {
    "mean": 0.9756826719576719,
    "std": 0.056003345994928455
  }
}