{
  "project": "qt",
  "method": "pyexplainer",
  "k": 5,
  "n_commits": 200,
  "n_runs": 5,
  "J@K": {
    "mean": 0.8307857142857142,
    "std": 0.1867178328963239
  },
  "DAR@K": {
    "mean": 0.998525,
    "std": 0.018350551664001454
  },
  "MRD@K": {
    "mean": 0.6043095238095239,
    "std": 0.5019934754605627
  },
  "SSS@K": {
    "mean": 0.9095308201058201,
    "std": 0.08349910817938615
  }
}