{
  "project": "qt",
  "method": "cfexplainer",
  "k": 5,
  "n_commits": 200,
  "n_runs": 5,
  "J@K": {
    "mean": 0.3356666666666666,
    "std": 0.16748167395602154
  },
  "DAR@K": {
    "mean": 0.2845,
    "std": 0.3403083160899833
  },
  "MRD@K": {
    "mean": 0.538,
    "std": 0.4985539088203
  },
  "SSS@K": {
    "mean": 0.5552999999999999,
    "std": 0.14663908452766303
  }
}