{
  "project": "openstack",
  "method": "cfexplainer",
  "k": 5,
  "n_commits": 200,
  "n_runs": 5,
  "J@K": {
    "mean": 0.23167500000000002,
    "std": 0.2961158743493274
  },
  "DAR@K": {
    "mean": 0.2923333333333334,
    "std": 0.3088726814293121
  },
  "MRD@K": {
    "mean": 0.36775,
    "std": 0.4776347323007404
  },
  "SSS@K": {
    "mean": 0.5266200000000001,
    "std": 0.1978963759142648
  }
}