{
  "Del@K": {
    "mean": 0.0006171324172789574,
    "std": 0.019392043076907044
  },
  "Ins@K": {
    "mean": 0.0007566688840369787,
    "std": 0.019038535997356762
  },
  "DirFaith@K": {
    "mean": 0.6633333333333334,
    "std": 0.38692520092533533
  }
}