{
  "InterJ@5_mean": 0.12103374012921751,
  "InterJ@5_std": 0.14799959587973424,
  "InterMRD@5_mean": 2.632163212889846,
  "InterMRD@5_std": 0.5103673069290198,
  "RuleEntropy": 3.4274049469437373
}