{
  "Del@K": {
    "mean": 0.005074627477024291,
    "std": 0.0452043558625263
  },
  "Ins@K": {
    "mean": 0.00571269912977539,
    "std": 0.04128564237896381
  },
  "DirFaith@K": {
    "mean": 0.3306666666666667,
    "std": 0.2575819179298975
  }
}