{
  "Del@K": {
    "mean": 0.005619980372035963,
    "std": 0.05604061193495696
  },
  "Ins@K": {
    "mean": 0.005402924251139998,
    "std": 0.05132824965025538
  },
  "DirFaith@K": {
    "mean": 0.2364166666666667,
    "std": 0.23227783591112508
  }
}